USE FLYEASY;

INSERT INTO Location(ID, LocName, Popularity)
VALUES
  (11, 'Delhi', 0.11),
  (12, 'Mumbai', 0.12),
  (13, 'Kolkata', 0.13),
  (14, 'Bangalore', 0.14),
  (15, 'Hyderabad', 0.15),
  (16, 'Chennai', 0.16);

INSERT INTO Ticket(ID, DeparteLocID, ArriveLocID, Price, IsBusiness,
                   Airline, DepTime, DepDate, ChCode, TimeTaken)
VALUES
(1, 11, 12, 500, 0, 'Vistara', '08:00:00', '2024-10-15', 'UK', '2h 0m'),
(2, 12, 11, 500, 1, 'Air India', '10:00:00', '2024-10-16', 'AI', '2h 30m'),
(3, 13, 14, 600, 0, 'Indigo', '12:00:00', '2024-10-17', '6E', '3h 0m'),
(4, 14, 13, 600, 1, 'GO FIRST', '14:00:00', '2024-10-18', 'G8', '3h 30m'),
(5, 15, 16, 700, 0, 'AirAsia', '16:00:00', '2024-10-19', 'I5', '4h 0m'),
(6, 16, 15, 700, 1, 'SpiceJet', '18:00:00', '2024-10-20', 'SG', '4h 30m'),
(7, 11, 13, 550, 0, 'StarAir', '09:00:00', '2024-10-16', 'S5', '2h 45m'),
(8, 12, 14, 650, 1, 'Trujet', '11:00:00', '2024-10-17', '2T', '3h 15m'),
(9, 13, 15, 750, 0, 'Vistara', '13:00:00', '2024-10-18', 'UK', '4h 15m'),
(10, 14, 16, 800, 1, 'Air India', '15:00:00', '2024-10-19', 'AI', '4h 45m'),
(11, 15, 11, 600, 0, 'Indigo', '17:00:00', '2024-10-20', '6E', '5h 0m'),
(12, 16, 12, 650, 1, 'GO FIRST', '19:00:00', '2024-10-21', 'G8', '5h 30m'),
(13, 11, 14, 700, 0, 'AirAsia', '08:30:00', '2024-10-17', 'I5', '3h 30m'),
(14, 12, 15, 750, 1, 'SpiceJet', '10:30:00', '2024-10-18', 'SG', '4h 0m'),
(15, 13, 16, 850, 0, 'StarAir', '12:30:00', '2024-10-19', 'S5', '4h 30m'),
(16, 14, 11, 900, 1, 'Trujet', '14:30:00', '2024-10-20', '2T', '5h 0m'),
(17, 15, 12, 700, 0, 'Vistara', '16:30:00', '2024-10-21', 'UK', '5h 30m'),
(18, 16, 13, 750, 1, 'Air India', '18:30:00', '2024-10-22', 'AI', '6h 0m'),
(19, 11, 15, 800, 0, 'Indigo', '08:45:00', '2024-10-18', '6E', '3h 45m'),
(20, 12, 16, 850, 1, 'GO FIRST', '10:45:00', '2024-10-19', 'G8', '4h 15m'),
(21, 13, 11, 950, 0, 'AirAsia', '12:45:00', '2024-10-20', 'I5', '4h 45m'),
(22, 14, 12, 1000, 1, 'SpiceJet', '14:45:00', '2024-10-21', 'SG', '5h 15m'),
(23, 15, 13, 800, 0, 'StarAir', '16:45:00', '2024-10-22', 'S5', '5h 45m'),
(24, 16, 14, 850, 1, 'Trujet', '18:45:00', '2024-10-23', '2T', '6h 15m'),
(25, 11, 16, 900, 0, 'Vistara', '09:15:00', '2024-10-19', 'UK', '4h 0m'),
(26, 12, 11, 950, 1, 'Air India', '11:15:00', '2024-10-20', 'AI', '4h 30m'),
(27, 13, 12, 1050, 0, 'Indigo', '13:15:00', '2024-10-21', '6E', '5h 0m'),
(28, 14, 13, 1100, 1, 'GO FIRST', '15:15:00', '2024-10-22', 'G8', '5h 30m'),
(29, 15, 14, 900, 0, 'AirAsia', '17:15:00', '2024-10-23', 'I5', '6h 0m'),
(30, 16, 15, 950, 1, 'SpiceJet', '19:15:00', '2024-10-24', 'SG', '6h 30m'),
(31, 11, 13, 1000, 0, 'StarAir', '10:00:00', '2024-10-20', 'S5', '4h 15m'),
(32, 12, 14, 1150, 1, 'Trujet', '12:00:00', '2024-10-21', '2T', '4h 45m'),
(33, 13, 15, 1200, 0, 'Vistara', '14:00:00', '2024-10-22', 'UK', '5h 15m'),
(34, 14, 16, 1250, 1, 'Air India', '16:00:00', '2024-10-23', 'AI', '5h 45m'),
(35, 15, 11, 1050, 0, 'Indigo', '18:00:00', '2024-10-24', '6E', '6h 15m'),
(36, 16, 12, 1100, 1, 'GO FIRST', '20:00:00', '2024-10-25', 'G8', '6h 45m'),
(37, 11, 14, 1150, 0, 'AirAsia', '09:30:00', '2024-10-21', 'I5', '3h 30m'),
(38, 12, 15, 1200, 1, 'SpiceJet', '11:30:00', '2024-10-22', 'SG', '4h 0m'),
(39, 13, 16, 1250, 0, 'StarAir', '13:30:00', '2024-10-23', 'S5', '4h 30m'),
(40, 14, 11, 1300, 1, 'Trujet', '15:30:00', '2024-10-24', '2T', '5h 0m'),
(41, 15, 12, 1100, 0, 'Vistara', '17:30:00', '2024-10-25', 'UK', '5h 30m'),
(42, 16, 13, 1150, 1, 'Air India', '19:30:00', '2024-10-26', 'AI', '6h 0m');

INSERT INTO User(ID, Name, LastName, SurName, Email, PhoneNumber,PasswordHash)
VALUES
  (1, 'Иван', 'Иванович', 'Иванов', 'ivanov@gmail.com', '79123456789', 'aB3$FgH8'),
  (2, 'Мария', 'Петровна', 'Сидорова', 'sidorova@gmail.com', '79234567890', 'Kl9#pQ2@'),
  (3, 'Александр', 'Александрович', 'Смирнов', 'smirnov@gmail.com', '79345678901', 'Xy7&zR1!'),
  (4, 'Елена', 'Сергеевна', 'Кузнецова', 'kuznetsova@gmail.com', '79456789012', 'Mn5*oP4^'),
  (5, 'Дмитрий', 'Павлович', 'Иванов', 'ivanovd@gmail.com', '79567890123', 'Hj6$wE9@'),
  (6, 'Ольга', 'Александровна', 'Петрова', 'petrova@gmail.com', '79678901234', 'Lp2@nY7#'),
  (7, 'Николай', 'Николаевич', 'Сидоров', 'sidorov@gmail.com', '79789012345', 'Qr8!sT3*'),
  (8, 'Татьяна', 'Ивановна', 'Смирнова', 'smirnova@gmail.com', '79890123456', 'Zx4^vB6*'),
  (9, 'Сергей', 'Петрович', 'Кузнецов', 'kuznetsov@gmail.com', '79901234567', 'Df9@gH2^'),
  (10, 'Анна', 'Сергеевна', 'Иванова', 'ivanova@gmail.com', '79112345678', 'Wq3$rT8*'),
  (11, 'Павел', 'Алексеевич', 'Петров', 'petrov@gmail.com', '79223456789', 'Uy5^vN1*'),
  (12, 'Екатерина', 'Павловна', 'Сидорова', 'sidorova2@gmail.com', '79334567890', 'Bh7@jK4^'),
  (13, 'Игорь', 'Евгеньевич', 'Смирнов', 'smirnov2@gmail.com', '79445678901', 'Fg2$hJ5*'),
  (14, 'Маргарита', 'Игоревна', 'Кузнецова', 'kuznetsova2@gmail.com', '79556789012', 'Vb6*oL3^'),
  (15, 'Алексей', 'Михайлович', 'Иванов', 'ivanov2@gmail.com', '79667890123', 'Np4^mQ7!'),
  (16, 'Alex', '', '', 'axelw@gmail.com', NULL, 'qazwsx');

INSERT INTO UserTickets(UserID, TicketID)
VALUES
  (1, 1),
  (2, 2),
  (3, 3),
  (4, 4),
  (5, 5),
  (6, 6),
  (7, 7),
  (8, 8),
  (9, 9),
  (10, 10),
  (11, 11),
  (12, 12),
  (13, 13),
  (14, 14),
  (15, 15);
